,Synthetases,,,,,Flexizymes,Monomer info,,,Microhelix assay info (Flexizymes),,,tRNA info,,Ribosome info,,,,,In vitro translation,,,,,
DOI (required),Synthetase mutant common name,Accession ID,Organism of origin,Mutations ,Crystal structure PDB code,"Flexizyme name (aFx, dFx, eFx)",Monomer Names (required),Monomer structure (SMILES string) (Required),Monomer leaving group,"Conditions (pH, time, etc.)",Acylation yield,Acylation assay notes,tRNA name (required),tRNA sequence (required),Ribosome (wt or name mutant) required,N-terminal incorporation,Internal incorporation,Readout,Ribosomal incorporation notes,"(if LC-MS) 
sequence of peptide","(if protein expression) 
protein yield",Reaction Time,Yield of reaction (%),Km,Kcat
10.1002/cbic.201100104,,,,,,eFx,4-aminobutyric acid,O=C(OCC#N)[C@@H](NC(CCCN)=O)CC1=CC=CC=C1,CME,Incubated on ice for 2hrs (pH 8:0),88%,Acylation of a dipeptide (gamma-F) was performed to avoid self-deacylation,E.coli fMet-tRNA (CAU),CGCGGGGUGGAGCAGCCUGGUAGCUCGUCGGGCUCAUAACCCGAAGAUCGUCGGUUCAAAUCCGGCCCCCGCAACCA,WT,Yes,,LC-MS,,,,,,,
10.1002/cbic.201100104,,,,,,eFx,(R/S)-4-amino-3-hydroxy butyric acid,O=C(OCC#N)[C@@H](NC(CC(O)CN)=O)CC1=CC=CC=C1,CME,Incubated on ice for 2hrs (pH 8:0),83%,Acylation of a dipeptide (gamma-F) was performed to avoid self-deacylation,E.coli fMet-tRNA (CAU),CGCGGGGUGGAGCAGCCUGGUAGCUCGUCGGGCUCAUAACCCGAAGAUCGUCGGUUCAAAUCCGGCCCCCGCAACCA,WT,Yes,,LC-MS,,,,,,,
10.1002/cbic.201100104,,,,,,eFx,"(3-aminocyclohexane)carboxylic acid, ",O=C(OCC#N)[C@@H](NC([C@H]1C[C@@H](N)CCC1)=O)CC2=CC=CC=C2,CME,Incubated on ice for 2hrs (pH 8:0),85%,Acylation of a dipeptide (gamma-F) was performed to avoid self-deacylation,E.coli fMet-tRNA (CAU),CGCGGGGUGGAGCAGCCUGGUAGCUCGUCGGGCUCAUAACCCGAAGAUCGUCGGUUCAAAUCCGGCCCCCGCAACCA,WT,Yes,,LC-MS,,,,,,,
10.1002/cbic.201100104,,,,,,eFx,"(3S,4S)-4-amino-3-hydroxy-6-methylheptanoic acid",O=C(OCC#N)[C@@H](NC(C[C@H](O)[C@H](CC(C)C)N)=O)CC1=CC=CC=C1,CME,Incubated on ice for 2hrs (pH 8:0),88%,Acylation of a dipeptide (gamma-F) was performed to avoid self-deacylation,E.coli fMet-tRNA (CAU),CGCGGGGUGGAGCAGCCUGGUAGCUCGUCGGGCUCAUAACCCGAAGAUCGUCGGUUCAAAUCCGGCCCCCGCAACCA,WT,Yes,,LC-MS,,,,,,,
10.1002/cbic.201100104,,,,,,eFx,"(3S,4R)-4-amino-3-hydroxy-5-methylhexanoic acid",O=C(OCC#N)[C@@H](NC(C[C@H](O)[C@@H](C(C)C)N)=O)CC1=CC=CC=C1,CME,Incubated on ice for 2hrs (pH 8:0),89%,Acylation of a dipeptide (gamma-F) was performed to avoid self-deacylation,E.coli fMet-tRNA (CAU),CGCGGGGUGGAGCAGCCUGGUAGCUCGUCGGGCUCAUAACCCGAAGAUCGUCGGUUCAAAUCCGGCCCCCGCAACCA,WT,Yes,,LC-MS,,,,,,,
10.1002/cbic.201100104,,,,,,eFx,"(3S,4R)-4-amino-3-hydroxy-5-phenylpentanoic acid",O=C(OCC#N)[C@@H](NC(C[C@H](O)[C@@H](CC1=CC=CC=C1)N)=O)CC2=CC=CC=C2,CME,Incubated on ice for 2hrs (pH 8:0),83%,Acylation of a dipeptide (gamma-F) was performed to avoid self-deacylation,E.coli fMet-tRNA (CAU),CGCGGGGUGGAGCAGCCUGGUAGCUCGUCGGGCUCAUAACCCGAAGAUCGUCGGUUCAAAUCCGGCCCCCGCAACCA,WT,Yes,,LC-MS,,,,,,,
doi.org/10.1038/s41467-019-12916-w,,,,,,eFx,Benzenepropanoic Acid-CME,O=C(OCC#N)CCC1=CC=CC=C1,CME,"120 hours, pH unclear",100%,,tRNA fMET (CAU; GG start),,WT,Yes,,,,,,,,,
doi.org/10.1038/s41467-019-12916-w,,,,,,eFx,Cinnamic Acid-CME,O=C(OCC#N)/C=C/C1=CC=CC=C1,CME,"120 hours, pH unclear",74%,,tRNA fMET (CAU; GG start),,WT,Yes,,,,,,,,,
doi.org/10.1038/s41467-019-12916-w,,,,,,eFx,Benzoic Acid-CME,O=C(C1=CC=CC=C1)OCC#N,CME,"120 hours, pH unclear",16%,,tRNA fMET (CAU; GG start),,WT,Yes,,,,,,,,,
doi.org/10.1038/s41467-019-12916-w,,,,,,eFx,Phenyl Acetic Acid-CME,O=C(CC1=CC=CC=C1)OCC#N,CME,--,N/D,,tRNA fMET (CAU; GG start),,WT,Yes,,,,,,,,,
doi.org/10.1038/s41467-019-12916-w,,,,,,eFx,"3,4-dihydroxy Benzenepropanoic Acid-CME",O=C(OCC#N)CCC1=CC(O)=C(O)C=C1,CME,"120 hours, pH unclear",100%,,tRNA fMET (CAU; GG start),,WT,Yes,,,,,,,,,
doi.org/10.1038/s41467-019-12916-w,,,,,,eFx,Pyrrolepropanoic Acid-CME,O=C(OCC#N)CCC1=CC=CN1,CME,"120 hours, pH unclear",100%,,tRNA fMET (CAU; GG start),,WT,Yes,,,,,,,,,
doi.org/10.1038/s41467-019-12916-w,,,,,,eFx,4-Amino-Benzenepropanoic Acid-CME,O=C(OCC#N)CCC1=CC=C(N)C=C1,CME,"120 hours, pH unclear",100%,,tRNA fMET (CAU; GG start),,WT,Yes,,,,,,,,,
doi.org/10.1038/s41467-019-12916-w,,,,,,eFx,"3,4-dihydroxycinnamic Acid-CME",O=C(OCC#N)/C=C/C1=CC(O)=C(O)C=C1,CME,"120 hours, pH unclear",30%,,tRNA fMET (CAU; GG start),,WT,Yes,,,,,,,,,
doi.org/10.1038/s41467-019-12916-w,,,,,,eFx,Pyrrole Propenoic Acid-CME,O=C(OCC#N)/C=C/C1=CC=CN1,CME,"120 hours, pH unclear",22%,,tRNA fMET (CAU; GG start),,WT,Yes,,,,,,,,,
doi.org/10.1038/s41467-019-12916-w,,,,,,eFx,4-Azido-Benzenepropanoic Acid-CME,O=C(OCC#N)CCC1=CC=C(N=[N+]=[N-])C=C1,CME,"120 hours, pH unclear",100%,,tRNA fMET (CAU; GG start),,WT,Yes,,,,,,,,,
doi.org/10.1038/s41467-019-12916-w,,,,,,eFx,p-NO2-Bz-CME,O=C(OCC#N)C1=CC=C([N+]([O-])=O)C=C1,CME,"120 hours, pH unclear",76%,,tRNA fMET (CAU; GG start),,WT,Yes,,,,,,,,,
doi.org/10.1038/s41467-019-12916-w,,,,,,eFx,p-CN-Bz-CME,O=C(OCC#N)C1=CC=C(C#N)C=C1,CME,"120 hours, pH unclear",100%,,tRNA fMET (CAU; GG start),,WT,Yes,,,,,,,,,
doi.org/10.1038/s41467-019-12916-w,,,,,,eFx,p-N3-Bz-CME,O=C(OCC#N)C1=CC=C(N=[N+]=[N-])C=C1,CME,"120 hours, pH unclear",78%,,tRNA fMET (CAU; GG start),,WT,Yes,,,,,,,,,
doi.org/10.1038/s41467-019-12916-w,,,,,,eFx,m-CHO-Bz-CME,O=C(OCC#N)C1=CC(C([H])=O)=CC=C1,CME,"120 hours, pH unclear",100%,,tRNA fMET (CAU; GG start),,WT,Yes,,,,,,,,,
doi.org/10.1038/s41467-019-12916-w,,,,,,eFx,m-NO2-CH2-Bz-CME,O=C(OCC#N)C1=CC(C[N+]([O-])=O)=CC=C1,CME,"120 hours, pH unclear",99%,,tRNA fMET (CAU; GG start),,WT,Yes,,,,,,,,,
doi.org/10.1038/s41467-019-12916-w,,,,,,eFx,o-F-Bz-CME,O=C(OCC#N)C1=CC=CC=C1F,CME,"120 hours, pH unclear",82%,,tRNA fMET (CAU; GG start),,WT,Yes,,,,,,,,,
doi.org/10.1038/s41467-019-12916-w,,,,,,eFx,o-I-Bz-CME,O=C(OCC#N)C1=CC=CC=C1I,CME,"120 hours, pH unclear",0%,,tRNA fMET (CAU; GG start),,WT,--,,,,,,,,,
doi.org/10.1038/s41467-019-12916-w,,,,,,eFx,o-CHO-Bz-CME,O=C(OCC#N)C1=CC=CC=C1C([H])=O,CME,"120 hours, pH unclear",0%,,tRNA fMET (CAU; GG start),,WT,--,,,,,,,,,
doi.org/10.1038/s41467-019-12916-w,,,,,,eFx,p-Methoxy-Bz-CME,O=C(OCC#N)C1=CC=C(OC)C=C1,CME,"120 hours, pH unclear",63%,,tRNA fMET (CAU; GG start),,WT,Yes,,,,,,,,,
doi.org/10.1038/s41467-019-12916-w,,,,,,eFx,p-Ethynyl-Bz-CME,O=C(OCC#N)C1=CC=C(C#C)C=C1,CME,"120 hours, pH unclear",19%,,tRNA fMET (CAU; GG start),,WT,Yes,,,,,,,,,
doi.org/10.1038/s41467-019-12916-w,,,,,,eFx,p-HOCH2-Bz-CME,O=C(OCC#N)C1=CC=C(CO)C=C1,CME,"120 hours, pH unclear",36%,,tRNA fMET (CAU; GG start),,WT,Yes,,,,,,,,,
doi.org/10.1038/s41467-019-12916-w,,,,,,eFx,4N-Abz-CME,O=C(OCC#N)C1=CC=C(N)C=C1,CME,"120 hours, pH unclear",0%,,tRNA fMET (CAU; GG start),,WT,--,,,,,,,,,
doi.org/10.1038/s41467-019-12916-w,,,,,,eFx,"3-OH, 4-NO2-Bz-CME",O=C(OCC#N)C1=CC(O)=C([N+]([O-])=O)C=C1,CME,"120 hours, pH unclear",82%,,tRNA fMET (CAU; GG start),,WT,Yes,,,,,,,,,
doi.org/10.1038/s41467-019-12916-w,,,,,,eFx,"3-NH2, 4-NO2-Bz-CME",O=C(OCC#N)C1=CC(N)=C([N+]([O-])=O)C=C1,CME,"120 hours, pH unclear",55%,,tRNA fMET (CAU; GG start),,WT,Yes,,,,,,,,,
doi.org/10.1038/s41467-019-12916-w,,,,,,eFx,"3-NO2, 4-NH2-Bz-CME",O=C(OCC#N)C1=CC([N+]([O-])=O)=C(N)C=C1,CME,"120 hours, pH unclear",10%,,tRNA fMET (CAU; GG start),,WT,Yes,,,,,,,,,
doi.org/10.1038/s41467-019-12916-w,,,,,,eFx,Cyanomethyl isonicotinate,O=C(OCC#N)C1=CC=NC=C1,CME,16h (pH unclear)   ,100%,,tRNA fMET (CAU; GG start),,WT,0.41,,,,,,,,,
doi.org/10.1038/s41467-019-12916-w,,,,,,eFx,Cyanomethyl 2-fluoroisonicotinate,O=C(OCC#N)C1=CC=NC(F)=C1,CME,120h (pH unclear)   ,100%,,tRNA fMET (CAU; GG start),,WT,0.21,,,,,,,,,
doi.org/10.1038/s41467-019-12916-w,,,,,,eFx,Cyanomethyl 2-oxo-2H-chromene-3-carboxylate,O=C(OCC#N)C1=CC(C=CC=C2)=C2OC1=O,CME,16h (pH unclear)   ,100%,,tRNA fMET (CAU; GG start),,WT,0.51,,,,,,,,,
doi.org/10.1038/s41467-019-12916-w,,,,,,eFx,Cyanomethyl 1H-pyrrole-2-carboxylate,O=C(OCC#N)C1=CC=CN1,CME,16h and 120h (pH unclear)   ,0%,,tRNA fMET (CAU; GG start),,WT,--,,,,,,,,,
doi.org/10.1038/s41467-019-12916-w,,,,,,eFx,Cyanomethyl thiophene-2-carboxylate,O=C(OCC#N)C1=CC=CS1,CME,16h and 120h (pH unclear)   ,0%,,tRNA fMET (CAU; GG start),,WT,--,,,,,,,,,
doi.org/10.1038/s41467-019-12916-w,,,,,,aFx,"Pyrrole-ABT : 2-(4-(((1H-pyrrole-2-carbonyl)thio)methyl)benzamido)ethan-1-
aminium chloride",O=C(SCC1=CC=C(C(NCC[NH3+])=O)C=C1)C2=CC=CN2.[Cl-],ABT,16h and 120h (pH unclear)   ,0%,,tRNA fMET (CAU; GG start),,WT,--,,,,,,,,,
doi.org/10.1038/s41467-019-12916-w,,,,,,aFx,"Thiophene-ABT : 2-(4-(((thiophene-2-carbonyl)thio)methyl)benzamido)ethan-1-
aminium chloride",O=C(SCC1=CC=C(C(NCC[NH3+])=O)C=C1)C2=CC=CS2.[Cl-],ABT,16h and 120h (pH unclear)   ,0%,,tRNA fMET (CAU; GG start),,WT,--,,,,,,,,,
doi.org/10.1038/s41467-019-12916-w,,,,,,aFx,2-(4-((Pentanoylthio)methyl)benzamido)ethan-1-aminium chloride,O=C(SCC1=CC=C(C(NCC[NH3+])=O)C=C1)CCCC.[Cl-],ABT,120h (pH unclear)   ,55%,,tRNA fMET (CAU; GG start),,WT,0.46,,,,,,,,,
doi.org/10.1038/s41467-019-12916-w,,,,,,aFx,"2-(4-((Pent-4-enoylthio)methyl)benzamido)ethan-1-
aminium chloride",O=C(SCC1=CC=C(C(NCC[NH3+])=O)C=C1)CCC=C.[Cl-],ABT,16h (pH unclear)   ,100%,,tRNA fMET (CAU; GG start),,WT,0.48,,,,,,,,,
doi.org/10.1038/s41467-019-12916-w,,,,,,aFx,"2-(4-(((3-Cyanopropanoyl)thio)methyl)benzamido)ethan-1-
aminium chloride",O=C(SCC1=CC=C(C(NCC[NH3+])=O)C=C1)CCC#N.[Cl-],ABT,16h (pH unclear)   ,100%,,tRNA fMET (CAU; GG start),,WT,0.51,,,,,,,,,
doi.org/10.1038/s41467-019-12916-w,,,,,,aFx,"2-(4-(((4-Methoxy-4-oxobutanoyl)thio)methyl)benzamido)
ethan-1-aminium chloride",O=C(SCC1=CC=C(C(NCC[NH3+])=O)C=C1)CCC([MeO])=O.[Cl-],ABT,16h (pH unclear)   ,100%,,tRNA fMET (CAU; GG start),,WT,0.51,,,,,,,,,
doi.org/10.1038/s41467-019-12916-w,,,,,,aFx,"2-(4-(((3-Nitropropanoyl)thio)methyl)benzamido)ethan-1-
aminium chloride",O=C(SCC1=CC=C(C(NCC[NH3+])=O)C=C1)CC[N+]([O-])=O.[Cl-],ABT,120h (pH unclear)   ,30%,,tRNA fMET (CAU; GG start),,WT,0.19,,,,,,,,,
doi.org/10.1038/s41467-019-12916-w,,,,,,aFx,"2-(4-(((Cyclohexanecarbonyl)thio)methyl)benzamido)ethan-
1-aminium chloride",O=C(SCC1=CC=C(C(NCC[NH3+])=O)C=C1)C2CCCCC2.[Cl-],ABT,120h (pH unclear)   ,45%,,tRNA fMET (CAU; GG start),,WT,0.37,,,,,,,,,
doi.org/10.1038/s41467-019-12916-w,,,,,,aFx,"2-(4-(((2-Bromo-2-methylpropanoyl)thio)methyl)benzamido)
ethan-1-aminium chloride",O=C(SCC1=CC=C(C(NCC[NH3+])=O)C=C1)C(C)(C)Br.[Cl-],ABT,120h (pH unclear)   ,10%,,tRNA fMET (CAU; GG start),,WT,0.2,,,,,,,,,
doi.org/10.1038/s41467-019-12916-w,,,,,,eFx,p-formyl-benzoate CME : Cyanomethyl 4-formylbenzoate,O=C(OCC#N)C1=CC=C(C([H])=O)C=C1,CME,16h (pH unclear)   ,52%,,tRNA fMET (CAU; GG start),,WT,"Yes, not calculated",,,,,,,,,
doi.org/10.1038/s41467-019-12916-w,,,,,,eFx,p-formyl-phenylacetate CME : Cyanomethyl 2-(4-formylphenyl)acetate,[H]CC(C=C1)=CC=C1CC(OCC#N)=O.[O],CME,120h (pH unclear)   ,25%,,tRNA fMET (CAU; GG start),,WT,"Yes, not calculated",,,,,,,,,
doi.org/10.1038/s41467-019-12916-w,,,,,,eFx,p-formyl-benzylpropenoic acid CME : Cyanomethyl 3-(4-formylphenyl)propanoate,O=C(OCC#N)CCC1=CC=C(C([H])=O)C=C1,CME,16h (pH unclear)   ,98%,,tRNA fMET (CAU; GG start),,WT,"Yes, not calculated",,,,,,,,,
doi.org/10.1038/s41467-019-12916-w,,,,,,eFx,p-hydrazine-benzyl-CME: Cyanomethyl 4-hydrazineylbenzoate,O=C(OCC#N)C1=CC=C(N[NH3+])C=C1.[Cl-],CME,16h and 120h (pH unclear)   ,0%,,tRNA fMET (CAU; GG start),,WT,--,,,,,,,,,
doi.org/10.1038/s41467-019-12916-w,,,,,,eFx,"p-hydrazine-phenylacetate-CME: 2-(4-(2-(cyanomethoxy)-2-
oxoethyl)phenyl)hydrazinium chloride",[NH3+]NC(C=C1)=CC=C1CC(OCC#N)=O.[Cl-],CME,120h (pH unclear)   ,24%,,tRNA fMET (CAU; GG start),,WT,"Yes, not calculated",,,,,,,,,
doi.org/10.1038/s41467-019-12916-w,,,,,,eFx,"p-hydrazine-benzenepropanoic acid-CME: 2-(4-(3-(cyanomethoxy)-3-
oxopropyl)phenyl)hydrazinium chloride",[NH3+]NC(C=C1)=CC=C1CCC(OCC#N)=O.[Cl-],CME,120h (pH unclear)   ,77%,,tRNA fMET (CAU; GG start),,WT,"Yes, not calculated",,,,,,,,,
10.1039/b904314d,,,,,,dFx,"(S)-1-((3,5-dinitrobenzyl)oxy)-1-oxobut-3-en-2-aminium",O=C([C@H](C=C)[NH3+])OCC1=CC([N+]([O-])=O)=CC([N+]([O-])=O)=C1,DNB,2h on ice,N/A,not reported,Vgl-tRNA AsnE-2 (CCA),,WT,,44%,LC-MS,,,,,,,
10.1021/acscentsci.9b00460,,,,,,eFx,Abz-CME,O=C(OCC#N)C1=C(N)C=CC=C1,CME,pH 9 for 48 hours,0.00%,trace amounts detected via RNase A assay,tRNA fMet (CAU),,WT,Yes,,,,,,,,,
10.1021/acscentsci.9b00460,,,,,,eFx,3N-Abz-CME,O=C(OCC#N)C1=CC(N)=CC=C1,CME,pH 9 for 48 hours,0.00%,trace amounts detected via RNase A assay,tRNA fMet (CAU),,WT,No,,,,,,,,,
10.1021/acscentsci.9b00460,,,,,,eFx,4N-Abz-CME,O=C(OCC#N)C1=CC=C(N)C=C1,CME,pH 9 for 48 hours,0.00%,trace amounts detected via RNase A assay,tRNA fMet (CAU),,WT,N/D,,,,,,,,,
10.1021/acscentsci.9b00460,,,,,,dFx,4N-Abz-DNB,O=C(OCC1=CC([N+]([O-])=O)=CC([N+]([O-])=O)=C1)C2=CC=C(N)C=C2,DNB,pH 9 for 48 hours,0.00%,,tRNA fMet (CAU),,WT,N/D,,,,,,,,,
10.1021/acscentsci.9b00460,,,,,,dFx,Abz-DNB,O=C(OCC1=CC([N+]([O-])=O)=CC([N+]([O-])=O)=C1)C2=C(N)C=CC=C2,DNB,pH 9 for 48 hours,0%,,tRNA fMet (CAU),,WT,N/D,,,,,,,,,
10.1021/acscentsci.9b00460,,,,,,eFx,Apy-CME,O=C(OCC#N)C1=C(N)C=NC=C1,CME,pH 9 for 48 hours,23%,,tRNA fMet (CAU),,WT,N/D,,,,,,,,,
10.1021/acscentsci.9b00460,,,,,,N/A - chemical acylation,Abz,OC(C1=C(N)C=CC=C1)=O,N/A,"2-5 mM NaOH in 90% acetonitrile, 3 hours, 37C",ND,,tRNA fMet (CAU),,WT,Yes,,,,,,,,,
10.1021/acscentsci.9b00460,,,,,,eFx,5F-Bz-CME,O=C(OCC#N)C1=C(F)C(F)=C(F)C(F)=C1F,CME,pH 7.5 for 48 hours,99%,,tRNA fMet (CAU),,WT,Yes,,,,,,,,,
10.1021/acscentsci.9b00460,,,,,,eFx,p-NO2-Bz-CME,O=C(OCC#N)C1=CC=C([N+]([O-])=O)C=C1,CME,pH 9 for 48 hours,78%,,tRNA fMet (CAU),,WT,Yes,,,,,,,,,
10.1021/acscentsci.9b00460,,,,,,eFx,p-Cl-Bz-CME,O=C(OCC#N)C1=CC=C(Cl)C=C1,CME,pH 9 for 48 hours,83%,,tRNA fMet (CAU),,WT,Yes,,,,,,,,,
10.1021/acscentsci.9b00460,,,,,,eFx,p-N3-Bz-CME,O=C(OCC#N)C1=CC=C(N=[N+]=[N-])C=C1,CME,pH 9 for 48 hours,74%,,tRNA fMet (CAU),,WT,Yes,,,,,,,,,
10.1021/acscentsci.9b00460,,,,,,eFx,p-OCH3-Bz-CME,O=C(OCC#N)C1=CC=C(OC)C=C1,CME,pH 9 for 48 hours,62%,,tRNA fMet (CAU),,WT,Yes,,,,,,,,,
10.1021/acscentsci.9b00460,,,,,,eFx,p-CH3-Bz-CME,O=C(OCC#N)C1=CC=C(C)C=C1,CME,pH 9 for 48 hours,54%,,tRNA fMet (CAU),,WT,Yes,,,,,,,,,
10.1021/acscentsci.9b00460,,,,,,eFx,p-CH2N3-Bz-CME,O=C(OCC#N)C1=CC=C(CN=[N+]=[N-])C=C1,CME,pH 9 for 48 hours,56%,,tRNA fMet (CAU),,WT,Yes,,,,,,,,,
10.1021/acscentsci.9b00460,,,,,,eFx,p-CH2NH2-Bz-CME,O=C(OCC#N)C1=CC=C(CN)C=C1,CME,pH 9 for 48 hours,23%,,tRNA fMet (CAU),,WT,N/D,,,,,,,,,
10.1021/acscentsci.9b00460,,,,,,eFx,p-OH-Bz-CME,O=C(OCC#N)C1=CC=C(O)C=C1,CME,pH 9 for 48 hours,0.00%,trace amounts detected via RNase A assay,tRNA fMet (CAU),,WT,N/D,,,,,,,,,
10.1021/acscentsci.9b00460,,,,,,eFx,p-CH2OH-Bz-CME,O=C(OCC#N)C1=CC=C(CO)C=C1,CME,pH 9 for 48 hours,68%,,tRNA fMet (CAU),,WT,N/D,,,,,,,,,
10.1021/acscentsci.9b00460,,,,,,eFx,p-CHO-Bz-CME,O=C(OCC#N)C1=CC=C(C=O)C=C1,CME,pH 9 for 48 hours,75%,,tRNA fMet (CAU),,WT,Yes,,,,,,,,,
10.1021/acscentsci.9b00460,,,,,,eFx,Mal-CBT,OC(CC(SCC1=CC=C(Cl)C=C1)=O)=O,CBT,pH 7.5 for 48 hours,0%,,tRNA fMet (CAU),,WT,N/D,,,,,,,,,
10.1021/acscentsci.9b00460,,,,,,dFx,Mal-DNB,OC(CC(OCC1=CC([N+]([O-])=O)=CC([N+]([O-])=O)=C1)=O)=O,DNB,pH 7.5 for 48 hours,0%,,tRNA fMet (CAU),,WT,N/D,,,,,,,,,
10.1021/acscentsci.9b00460,,,,,,dFx,Mal-Bz-DNB,OC(C(CC(/C=C\C)=C)C(OCC1=CC([N+]([O-])=O)=CC([N+]([O-])=O)=C1)=O)=O,DNB,pH 7.5 for 48 hours,0%,,tRNA fMet (CAU),,WT,N/D,,,,,,,,,
10.1021/acscentsci.9b00460,,,,,,dFx,,O=C(CC(OCC1=CC([N+]([O-])=O)=CC([N+]([O-])=O)=C1)=O)OC,DNB,pH 7.5 for 48 hours,"0% by MH gel shift, however, product was detected via RNase A assay",,tRNA fMet (CAU),,WT,Yes,,,,,,,,,
10.1021/acscentsci.9b00460,,,,,,eFx,2-NO2-Bz-Mal-CME,O=C(CC(OCC#N)=O)OCC1=C([N+]([O-])=O)C=CC=C1,CME,pH 7.5 for 48 hours,40%,,tRNA fMet (CAU),,WT,Yes,,,,,,,,,
10.1021/jacs.0c05765,,,,,,N/A used chemical acylation,Abz,O=C(C1=CC=CC=C1N2)OC2=O,N/A,3h at pH 9.5,55%,, tRNAPro1E2 (CCG),,WT,,".09 (+EFP), 0.03(-EFP) Yes at pos 11 and at pos 11+14",autoradiography,incorporation = pmol/ul by autoradiography; alpha alanine ~1,".09 (+EFP), 0.03(-EFP) Yes at pos 11 and at pos 11+14",,,,,
10.1021/jacs.0c05765,,,,,,N/A used chemical acylation,Abz5OH,O=C(C1=CC(O)=CC=C1N2)OC2=O,N/A,1h at pH 10.5,30%,, tRNAPro1E2 (CCG),,WT,,".28 (+EFP), 0.08(-EFP) Yes at pos 11",autoradiography,incorporation = pmol/ul by autoradiography; alpha alanine ~1,".28 (+EFP), 0.08(-EFP) Yes at pos 11",,,,,
10.1021/jacs.0c05765,,,,,,N/A used chemical acylation,Abz5OMe,O=C(C1=CC(OC)=CC=C1N2)OC2=O,N/A,3h at pH 10,74%,, tRNAPro1E2 (CCG),,WT,,".35 (+EFP), 0.05(-EFP) Yes at pos 11",autoradiography,incorporation = pmol/ul by autoradiography; alpha alanine ~1,".35 (+EFP), 0.05(-EFP) Yes at pos 11",,,,,
10.1021/jacs.0c05765,,,,,,N/A used chemical acylation,Abz5F,O=C(C1=CC(F)=CC=C1N2)OC2=O,N/A,3h at pH 10,70%,, tRNAPro1E2 (CCG),,WT,,".26 (+EFP), 0.18(-EFP) Yes at pos 11",autoradiography,incorporation = pmol/ul by autoradiography; alpha alanine ~1,".26 (+EFP), 0.18(-EFP) Yes at pos 11",,,,,
10.1021/jacs.0c05765,,,,,,eFx,Apy-CME,NC1=C(C(OCC#N)=O)C=CN=C1,CME,144hr at pH 9.5,60%,, tRNAPro1E2 (CCG),,WT,,".42 (+EFP), 0.22(-EFP) Yes at pos 11",autoradiography,incorporation = pmol/ul by autoradiography; alpha alanine ~1,".42 (+EFP), 0.22(-EFP) Yes at pos 11",,,,,
10.1021/jacs.0c05765,,,,,,eFx,Atp-CME,N#CCOC(C1=C(N)C=CS1)=O,CME,192hr at pH 9.5,25%,, tRNAPro1E2 (CCG),,WT,,".29 (+EFP), 0.20(-EFP) Yes at pos 11",autoradiography,incorporation = pmol/ul by autoradiography; alpha alanine ~1,".29 (+EFP), 0.20(-EFP) Yes at pos 11",,,,,
10.1021/jacs.0c05765,,,,,,eFx,Atz-CME,N#CCOC(C1=C(N)S=C[N]1)=O,CME,192hr at pH 10.5,44%,, tRNAPro1E2 (CCG),,WT,,".07 (+EFP), 0.04(-EFP)",autoradiography,incorporation = pmol/ul by autoradiography; alpha alanine ~1,".07 (+EFP), 0.04(-EFP)",,,,,
10.1021/jacs.0c05765,,,,,,eFx,3NAbz-CME,N#CCOC(C1=CC=CC(N)=C1)=O,CME,144hr at pH 10,45%,, tRNAPro1E2 (CCG),,WT,,Yes at pos 11 but low peak intensity (incorporation is so poor that this monomer wasn't tabulated),autoradiography,incorporation = pmol/ul by autoradiography; alpha alanine ~1,Yes at pos 11 but low peak intensity (incorporation is so poor that this monomer wasn't tabulated),,,,,
10.1038/s41467-020-18001-x,,,,,,dFx,"3,5-dinitrobenzyl 3-aminopropanoate",NCCC(OCC1=CC([N+]([O-])=O)=CC([N+]([O-])=O)=C1)=O,DNB,120h on ice; pH 7.5 or 8.8,21%,,,,,,,,,,,,,,
10.1038/s41467-020-18001-x,,,,,,dFx,"3,5-dinitrobenzyl-amino-4-butanoate",NCCCC(OCC1=CC([N+]([O-])=O)=CC([N+]([O-])=O)=C1)=O,DNB,120h on ice; pH 7.5 or 8.8,0%,,,,,,,,,,,,,,
10.1038/s41467-020-18001-x,,,,,,aFx,S-(4-((2-aminoethyl)carbamoyl)benzyl) 4- aminobutanethioate,NCCCC(SCC1=CC=C(C(NCCN)=O)C=C1)=O,ABT,120h on ice; pH 7.5 or 8.8,ND,,,,,,,,,,,,,,
10.1038/s41467-020-18001-x,,,,,,dFx,"3,5-dinitrobenzyl 4-(methylamino)butanoate",CNCCC(OCC1=CC([N+]([O-])=O)=CC([N+]([O-])=O)=C1)=O,DNB,120h on ice; pH 7.5 or 8.8,ND,,,,,,,,,,,,,,
10.1038/s41467-020-18001-x,,,,,,aFx,"S-(4-((2-aminoethyl)carbamoyl)benzyl) 4-amino-2,2- dimethylbutanethioate",CC(C)(CCN)C(=O)SCc1ccc(C(=O)NCCN)cc1,ABT,120h on ice; pH 7.5 or 8.8,ND,,,,,,,,,,,,,,
10.1038/s41467-020-18001-x,,,,,,dFx,"rac-cis-3,5-dinitrobenzyl-2-aminocyclopropane-1- carboxylate",O=C(OCC1=CC([N+]([O-])=O)=CC([N+]([O-])=O)=C1)[C@@H]2C[C@@H]2N,DNB,120h on ice; pH 7.5 or 8.8,ND,,,,,,,,,,,,,,
10.1038/s41467-020-18001-x,,,,,,dFx,"rac-trans-3,5-dinitrobenzyl-2-aminocyclopropane-1- carboxylate",O=C(OCC1=CC([N+]([O-])=O)=CC([N+]([O-])=O)=C1)[C@@H]2C[C@H]2N,DNB,120h on ice; pH 7.5 or 8.8,ND,,,,,,,,,,,,,,
10.1038/s41467-020-18001-x,,,,,,dFx,"3,5-dinitrobenzyl 5-aminopentanoate",NCCCCC(OCC1=CC([N+]([O-])=O)=CC([N+]([O-])=O)=C1)=O,DNB,120h on ice; pH 7.5 or 8.8,8%,,tRNA fMet (CAU),,WT,Yes,,LC-MS,,,,,,,
10.1038/s41467-020-18001-x,,,,,,dFx,"3,5-dinitrobenzyl 6-aminohexanoate",O=C(OCC1=CC([N+]([O-])=O)=CC([N+]([O-])=O)=C1)CCCCCN,DNB,120h on ice; pH 7.5 or 8.8,11%,,tRNA fMet (CAU),,WT,Yes,,LC-MS,,,,,,,
10.1038/s41467-020-18001-x,,,,,,aFx,S-(4-((2-aminoethyl)carbamoyl)benzyl) 7- aminoheptanethioate,NCCCCCCC(SCC1=CC=C(C(NCCN)=O)C=C1)=O,ABT,120h on ice; pH 7.5 or 8.8,79%,,tRNA fMet (CAU),,WT,Yes,,LC-MS,,,,,,,
10.1038/s41467-020-18001-x,,,,,,aFx,S-(4-((2-aminoethyl)carbamoyl)benzyl) 5- (aminomethyl)furan-3-carbothioate,NCCNC(C1=CC=C(CSC(C2=COC(CN)=C2)=O)C=C1)=O,ABT,120h on ice; pH 7.5 or 8.8,23%,,tRNA fMet (CAU),,WT,Yes,,LC-MS,,,,,,,
10.1038/s41467-020-18001-x,,,,,,dFx,"3,5-dinitrobenzyl (E/Z)-4-aminobut-2-enoate",NC/C=C/C(OCC1=CC([N+]([O-])=O)=CC([N+]([O-])=O)=C1)=O,DNB,120h on ice; pH 7.5 or 8.8,30%,,tRNA fMet (CAU),,WT,Yes,,LC-MS,,,,,,,
10.1038/s41467-020-18001-x,,,,,,aFx,S-(4-((2-aminoethyl)carbamoyl)benzyl) 3- (aminomethyl)benzothioate,NCCNC(C1=CC=C(CSC(C2=CC(CN)=CC=C2)=O)C=C1)=O,ABT,120h on ice; pH 7.5 or 8.8,21%,,tRNA fMet (CAU),,WT,Yes,,LC-MS,,,,,,,
10.1038/s41467-020-18001-x,,,,,,dFx,"3,5-dinitrobenzyl 2-(piperidin-4-yl)acetate",O=C(OCC1=CC([N+]([O-])=O)=CC([N+]([O-])=O)=C1)CC2CCNCC2,DNB,120h on ice; pH 7.5 or 8.8,11%,,tRNA fMet (CAU),,WT,Yes,,LC-MS,,,,,,,
10.1038/s41467-020-18001-x,,,,,,dFx,"3,5-dinitrobenzyl 2-(piperazin-1-yl)acetate",O=C(OCC1=CC([N+]([O-])=O)=CC([N+]([O-])=O)=C1)CN2CCNCC2,DNB,120h on ice; pH 7.5 or 8.8,39%,,tRNA fMet (CAU),,WT,Yes,,LC-MS,,,,,,,
10.1038/s41467-020-18001-x,,,,,,aFx,"S-(4-((2-aminoethyl)carbamoyl)benzyl) (1s,3s)-3- aminocyclobutane-1-carbothioate",O=C([C@H]1C[C@@H](N)C1)SCC2=CC=C(C(NCCN)=O)C=C2,ABT,120h on ice; pH 7.5 or 8.8,87%,,tRNA fMet (CAU),,WT,Yes,,LC-MS,,,,,,,
10.1038/s41467-020-18001-x,,,,,,aFx,"S-(4-((2-aminoethyl)carbamoyl)benzyl) (1r,3r)-3- aminocyclobutane-1-carbothioate",O=C([C@H]1C[C@H](N)C1)SCC2=CC=C(C(NCCN)=O)C=C2,ABT,16h on ice; pH 7.5 or 8.8,95%,,tRNA fMet (CAU),,WT,Yes,,LC-MS,,,,,,,
10.1038/s41467-020-18001-x,,,,,,aFx,"S-(4-((2-aminoethyl)carbamoyl)benzyl) (1S,3R)-3- aminocyclopentane-1-carbothioate",O=C([C@@H]1C[C@H](N)CC1)SCC2=CC=C(C(NCCN)=O)C=C2,ABT,16h on ice; pH 7.5 or 8.8,93%,,tRNA fMet (CAU),,WT,Yes,,LC-MS,,,,,,,
10.1038/s41467-020-18001-x,,,,,,aFx,"S-(4-((2-aminoethyl)carbamoyl)benzyl) (1S,3R)-3- aminocyclohexane-1-carbothioate",O=C([C@@H]1C[C@H](N)CCC1)SCC2=CC=C(C(NCCN)=O)C=C2,ABT,120h on ice; pH 7.5 or 8.8,82%,,tRNA fMet (CAU),,WT,Yes,,LC-MS,,,,,,,
10.1038/s41467-020-18001-x,,,,,,aFx,"S-(4-((2-aminoethyl)carbamoyl)benzyl) (1S,3S)-3- aminocyclohexane-1-carbothioate",O=C([C@@H]1C[C@@H](N)CCC1)SCC2=CC=C(C(NCCN)=O)C=C2,ABT,120h on ice; pH 7.5 or 8.8,87%,,tRNA fMet (CAU),,WT,Yes,,LC-MS,,,,,,,
10.1038/s41467-020-18001-x,,,,,,,"3,5-dinitrobenzyl 3-aminopropanoate",NCCC(OCC1=CC([N+]([O-])=O)=CC([N+]([O-])=O)=C1)=O,,,,,tRNA Pro1E2 (GGU),,WT,,no,LC-MS,,,,,,,
10.1038/s41467-020-18001-x,,,,,,,"3,5-dinitrobenzyl-amino-4-butanoate",NCCCC(OCC1=CC([N+]([O-])=O)=CC([N+]([O-])=O)=C1)=O,,,,,tRNA Pro1E2 (GGU),,WT,,no,LC-MS,,,,,,,
10.1038/s41467-020-18001-x,,,,,,,S-(4-((2-aminoethyl)carbamoyl)benzyl) 4- aminobutanethioate,NCCCC(SCC1=CC=C(C(NCCN)=O)C=C1)=O,,,,,tRNA Pro1E2 (GGU),,WT,,no,LC-MS,,,,,,,
10.1038/s41467-020-18001-x,,,,,,,"3,5-dinitrobenzyl 4-(methylamino)butanoate",CNCCC(OCC1=CC([N+]([O-])=O)=CC([N+]([O-])=O)=C1)=O,,,,,tRNA Pro1E2 (GGU),,WT,,no,LC-MS,,,,,,,
10.1038/s41467-020-18001-x,,,,,,,"S-(4-((2-aminoethyl)carbamoyl)benzyl) 4-amino-2,2- dimethylbutanethioate",CC(C)(CCN)C(=O)SCc1ccc(C(=O)NCCN)cc1,,,,,tRNA Pro1E2 (GGU),,WT,,no,LC-MS,,,,,,,
10.1038/s41467-020-18001-x,,,,,,,"rac-cis-3,5-dinitrobenzyl-2-aminocyclopropane-1- carboxylate",O=C(OCC1=CC([N+]([O-])=O)=CC([N+]([O-])=O)=C1)[C@@H]2C[C@@H]2N,,,,,tRNA Pro1E2 (GGU),,WT,,no,LC-MS,,,,,,,
10.1038/s41467-020-18001-x,,,,,,,"rac-trans-3,5-dinitrobenzyl-2-aminocyclopropane-1- carboxylate",O=C(OCC1=CC([N+]([O-])=O)=CC([N+]([O-])=O)=C1)[C@@H]2C[C@H]2N,,,,,tRNA Pro1E2 (GGU),,WT,,no,LC-MS,,,,,,,
10.1038/s41467-020-18001-x,,,,,,,"3,5-dinitrobenzyl 5-aminopentanoate",NCCCCC(OCC1=CC([N+]([O-])=O)=CC([N+]([O-])=O)=C1)=O,,,,,tRNA Pro1E2 (GGU),,WT,,no,LC-MS,,,,,,,
10.1038/s41467-020-18001-x,,,,,,,"3,5-dinitrobenzyl 6-aminohexanoate",O=C(OCC1=CC([N+]([O-])=O)=CC([N+]([O-])=O)=C1)CCCCCN,,,,,tRNA Pro1E2 (GGU),,WT,,no,LC-MS,,,,,,,
10.1038/s41467-020-18001-x,,,,,,,S-(4-((2-aminoethyl)carbamoyl)benzyl) 7- aminoheptanethioate,NCCCCCCC(SCC1=CC=C(C(NCCN)=O)C=C1)=O,,,,,tRNA Pro1E2 (GGU),,WT,,no,LC-MS,,,,,,,
10.1038/s41467-020-18001-x,,,,,,,S-(4-((2-aminoethyl)carbamoyl)benzyl) 5- (aminomethyl)furan-3-carbothioate,NCCNC(C1=CC=C(CSC(C2=COC(CN)=C2)=O)C=C1)=O,,,,,tRNA Pro1E2 (GGU),,WT,,no,LC-MS,,,,,,,
10.1038/s41467-020-18001-x,,,,,,,"3,5-dinitrobenzyl (E/Z)-4-aminobut-2-enoate",NC/C=C/C(OCC1=CC([N+]([O-])=O)=CC([N+]([O-])=O)=C1)=O,,,,,tRNA Pro1E2 (GGU),,WT,,no,LC-MS,,,,,,,
10.1038/s41467-020-18001-x,,,,,,,S-(4-((2-aminoethyl)carbamoyl)benzyl) 3- (aminomethyl)benzothioate,NCCNC(C1=CC=C(CSC(C2=CC(CN)=CC=C2)=O)C=C1)=O,,,,,tRNA Pro1E2 (GGU),,WT,,no,LC-MS,,,,,,,
10.1038/s41467-020-18001-x,,,,,,,"3,5-dinitrobenzyl 2-(piperidin-4-yl)acetate",O=C(OCC1=CC([N+]([O-])=O)=CC([N+]([O-])=O)=C1)CC2CCNCC2,,,,,tRNA Pro1E2 (GGU),,WT,,no,LC-MS,,,,,,,
10.1038/s41467-020-18001-x,,,,,,,"3,5-dinitrobenzyl 2-(piperazin-1-yl)acetate",O=C(OCC1=CC([N+]([O-])=O)=CC([N+]([O-])=O)=C1)CN2CCNCC2,,,,,tRNA Pro1E2 (GGU),,WT,,no,LC-MS,,,,,,,
10.1038/s41467-020-18001-x,,,,,,,"S-(4-((2-aminoethyl)carbamoyl)benzyl) (1s,3s)-3- aminocyclobutane-1-carbothioate",O=C([C@H]1C[C@@H](N)C1)SCC2=CC=C(C(NCCN)=O)C=C2,,,,,tRNA Pro1E2 (GGU),,WT,,no,LC-MS,,,,,,,
10.1038/s41467-020-18001-x,,,,,,,"S-(4-((2-aminoethyl)carbamoyl)benzyl) (1r,3r)-3- aminocyclobutane-1-carbothioate",O=C([C@H]1C[C@H](N)C1)SCC2=CC=C(C(NCCN)=O)C=C2,,,,,tRNA Pro1E2 (GGU),,WT,,no,LC-MS,,,,,,,
10.1038/s41467-020-18001-x,,,,,,,"S-(4-((2-aminoethyl)carbamoyl)benzyl) (1S,3R)-3- aminocyclopentane-1-carbothioate",O=C([C@@H]1C[C@H](N)CC1)SCC2=CC=C(C(NCCN)=O)C=C2,,,,,tRNA Pro1E2 (GGU),,WT,,no,LC-MS,,,,,,,
10.1038/s41467-020-18001-x,,,,,,,"S-(4-((2-aminoethyl)carbamoyl)benzyl) (1S,3R)-3- aminocyclohexane-1-carbothioate",O=C([C@@H]1C[C@H](N)CCC1)SCC2=CC=C(C(NCCN)=O)C=C2,,,,,tRNA Pro1E2 (GGU),,WT,,no,LC-MS,,,,,,,
10.1038/s41467-020-18001-x,,,,,,,"S-(4-((2-aminoethyl)carbamoyl)benzyl) (1S,3S)-3- aminocyclohexane-1-carbothioate",O=C([C@@H]1C[C@@H](N)CCC1)SCC2=CC=C(C(NCCN)=O)C=C2,,,,,tRNA Pro1E2 (GGU),,WT,,no,LC-MS,,,,,,,
10.1038/s41467-020-18001-x,,,,,,,"S-(4-((2-aminoethyl)carbamoyl)benzyl) (1s,3s)-3- aminocyclobutane-1-carbothioate",O=C([C@H]1C[C@@H](N)C1)SCC2=CC=C(C(NCCN)=O)C=C2,,,,,tRNA Pro1E2 (GGU),,Hecht 040329,,Yes,LC-MS,"In a mixed population of WT and Hecht ribosomes, a MS peak corresponding to the product (C-terminal incorporation) was observed. This peak was not observed in expeirments with the WT ribosome alone. In a subsequent experiment, these ribosomes appeared capable of elongating after the incorporation of this monomer",,,,,,
10.1038/s41467-020-18001-x,,,,,,,"S-(4-((2-aminoethyl)carbamoyl)benzyl) (1r,3r)-3- aminocyclobutane-1-carbothioate",O=C([C@H]1C[C@H](N)C1)SCC2=CC=C(C(NCCN)=O)C=C2,,,,,tRNA Pro1E2 (GGU),,Hecht 040329,,Yes,LC-MS,"In a mixed population of WT and Hecht ribosomes, a MS peak corresponding to the product (C-terminal incorporation) was observed. This peak was not observed in expeirments with the WT ribosome alone. In a subsequent experiment, these ribosomes appeared capable of elongating after the incorporation of this monomer",,,,,,
https://doi.org/10.1039/D0CC02121K,,,,,,dFx,trans-4-cβAA,O=C([C@H]1[C@H](N)CC1)OCC2=CC([N+]([O-])=O)=CC([N+]([O-])=O)=C2,DNB,,9%,,,,,,,,,,,,,,
https://doi.org/10.1039/D0CC02121K,,,,,,dFx,cis-4-cβAA,O=C([C@H]1[C@@H](N)CC1)OCC2=CC([N+]([O-])=O)=CC([N+]([O-])=O)=C2,DNB,,0%,,,,,,,,,,,,,,
https://doi.org/10.1039/D0CC02121K,,,,,,dFx,"(1R, 2R)-2-ACPC",O=C(OCC1=CC([N+]([O-])=O)=CC([N+]([O-])=O)=C1)[C@H]2[C@H](N)CCC2,DNB,24h at pH 8.8; Fx not explicitly clear,~42%,,tRNA fMet (CAU),,WT,36%,,LC-MS,"""The yield was calculated based on the relative peak area of the target polypeptides shown in
the spectrum.""",,,,,,
https://doi.org/10.1039/D0CC02121K,,,,,,dFx,"(1R, 2S)-2-ACPC",O=C(OCC1=CC([N+]([O-])=O)=CC([N+]([O-])=O)=C1)[C@H]2[C@@H](N)CCC2,DNB,24h at pH 7.5 or 8.8; Fx not explicitly clear,~52%,,tRNA fMet (CAU),,WT,64%,,LC-MS,"""The yield was calculated based on the relative peak area of the target polypeptides shown in
the spectrum.""",,,,,,
https://doi.org/10.1039/D0CC02121K,,,,,,dFx,"(1S,2R)-2-ACPC",O=C(OCC1=CC([N+]([O-])=O)=CC([N+]([O-])=O)=C1)[C@@H]2[C@H](N)CCC2,DNB,24h at pH 7.5 or 8.8,~59%,,tRNA fMet (CAU),,WT,18%,,LC-MS,"""The yield was calculated based on the relative peak area of the target polypeptides shown in
the spectrum.""",,,,,,
https://doi.org/10.1039/D0CC02121K,,,,,,dFx,"(1S, 2S)-2-ACPC",O=C(OCC1=CC([N+]([O-])=O)=CC([N+]([O-])=O)=C1)[C@@H]2[C@@H](N)CCC2,DNB,24h at pH 7.5 or 8.8,~47%,,tRNA fMet (CAU),,WT,57%,,LC-MS,"""The yield was calculated based on the relative peak area of the target polypeptides shown in
the spectrum.""",,,,,,
https://doi.org/10.1039/D0CC02121K,,,,,,dFx,"(1R,2R)-2-ACHC",O=C(OCC1=CC([N+]([O-])=O)=CC([N+]([O-])=O)=C1)[C@@H]2CCCC[C@H]2N,DNB,24h at pH 7.5 or 8.8; Fx not explicitly clear,~40%,,tRNA fMet (CAU),,WT,59%,,LC-MS,"""The yield was calculated based on the relative peak area of the target polypeptides shown in
the spectrum.""",,,,,,
https://doi.org/10.1039/D0CC02121K,,,,,,dFx,"(1R,2S)-2-ACHC",O=C(OCC1=CC([N+]([O-])=O)=CC([N+]([O-])=O)=C1)[C@@H]2CCCC[C@@H]2N,DNB,24h at pH 7.5 or 8.8; Fx not explicitly clear,~58%,,tRNA fMet (CAU),,WT,48%,,LC-MS,"""The yield was calculated based on the relative peak area of the target polypeptides shown in
the spectrum.""",,,,,,
https://doi.org/10.1039/D0CC02121K,,,,,,dFx,"(1S,2R)-2-ACHC",O=C(OCC1=CC([N+]([O-])=O)=CC([N+]([O-])=O)=C1)[C@H]2CCCC[C@H]2N,DNB,24h at pH 7.5 or 8.8; Fx not explicitly clear,~65%,,tRNA fMet (CAU),,WT,63%,,LC-MS,"""The yield was calculated based on the relative peak area of the target polypeptides shown in
the spectrum.""",,,,,,
https://doi.org/10.1039/D0CC02121K,,,,,,dFx,"(1S,2S)-2-ACHC",O=C(OCC1=CC([N+]([O-])=O)=CC([N+]([O-])=O)=C1)[C@H]2CCCC[C@@H]2N,DNB,24h at pH 7.5 or 8.8; Fx not explicitly clear,~40%,,tRNA fMet (CAU),,WT,7%,,LC-MS,"""The yield was calculated based on the relative peak area of the target polypeptides shown in
the spectrum.""",,,,,,
https://doi.org/10.1039/D0CC02121K,,,,,,eFx,alpha puromycin-CME,O=C(OCC#N)C(N)CC1=CC=C(OC)C=C1,CME,?,31%,,tRNA Pro1E2 (GGU),,WT,,86%,LC-MS,Amount of tRNA-monomer in reaction was normalized to acylation efficiency; monomer was incorporated at the C-terminus; incorproatino efficiency based on the relative peak area of target products,,,,,,
https://doi.org/10.1039/D0CC02121K,,,,,,eFx,beta puromycin-CME,O=C(OCC#N)C(CC1=CC=C(OC)C=C1)CN,CME,?,87%,,tRNA Pro1E2 (GGU),,WT,,6%,LC-MS,Amount of tRNA-monomer in reaction was normalized to acylation efficiency; monomer was incorporated at the C-terminus; incorproatino efficiency based on the relative peak area of target products,,,,,,
https://doi.org/10.1039/D0CC02121K,,,,,,,"(1R, 2R)-2-ACPC",O=C(OCC1=CC([N+]([O-])=O)=CC([N+]([O-])=O)=C1)[C@H]2[C@H](N)CCC2,,,,,tRNA Pro1E2 (GGU),,WT,,16.0%,LC-MS,"""The yield was calculated based on the relative peak area of the target polypeptides shown in the spectrum."" Incorporation improved with addition of EF-P (53.1%)",,,,,,
https://doi.org/10.1039/D0CC02121K,,,,,,,"(1R, 2S)-2-ACPC",O=C(OCC1=CC([N+]([O-])=O)=CC([N+]([O-])=O)=C1)[C@H]2[C@@H](N)CCC2,,,,,tRNA Pro1E2 (GGU),,WT,,19.9%,LC-MS,"""The yield was calculated based on the relative peak area of the target polypeptides shown in the spectrum."" Incorporation improved with addition of EF-P (70.3%)",,,,,,
https://doi.org/10.1039/D0CC02121K,,,,,,,"(1S,2R)-2-ACPC",O=C(OCC1=CC([N+]([O-])=O)=CC([N+]([O-])=O)=C1)[C@@H]2[C@H](N)CCC2,,,,,tRNA Pro1E2 (GGU),,WT,,12.0%,LC-MS,"""The yield was calculated based on the relative peak area of the target polypeptides shown in the spectrum."" Incorporation improved with addition of EF-P (12.6%)",,,,,,
https://doi.org/10.1039/D0CC02121K,,,,,,,"(1S, 2S)-2-ACPC",O=C(OCC1=CC([N+]([O-])=O)=CC([N+]([O-])=O)=C1)[C@@H]2[C@@H](N)CCC2,,,,,tRNA Pro1E2 (GGU),,WT,,5.7%,LC-MS,"""The yield was calculated based on the relative peak area of the target polypeptides shown in the spectrum."" Incorporation improved with addition of EF-P (23.8%)",,,,,,
https://doi.org/10.1039/D0CC02121K,,,,,,,"(1R,2R)-2-ACHC",O=C(OCC1=CC([N+]([O-])=O)=CC([N+]([O-])=O)=C1)[C@@H]2CCCC[C@H]2N,,,,,tRNA Pro1E2 (GGU),,WT,,2.9%,LC-MS,"""The yield was calculated based on the relative peak area of the target polypeptides shown in the spectrum."" Incorporation improved with addition of EF-P (73.5%)",,,,,,
https://doi.org/10.1039/D0CC02121K,,,,,,,"(1R,2S)-2-ACHC",O=C(OCC1=CC([N+]([O-])=O)=CC([N+]([O-])=O)=C1)[C@@H]2CCCC[C@@H]2N,,,,,tRNA Pro1E2 (GGU),,WT,,53.1%,LC-MS,"""The yield was calculated based on the relative peak area of the target polypeptides shown in the spectrum."" Incorporation improved with addition of EF-P (57.5%)",,,,,,
https://doi.org/10.1039/D0CC02121K,,,,,,,"(1S,2R)-2-ACHC",O=C(OCC1=CC([N+]([O-])=O)=CC([N+]([O-])=O)=C1)[C@H]2CCCC[C@H]2N,,,,,tRNA Pro1E2 (GGU),,WT,,23.9%,LC-MS,"""The yield was calculated based on the relative peak area of the target polypeptides shown in the spectrum."" Incorporation improved with addition of EF-P (67.1%)",,,,,,
https://doi.org/10.1039/D0CC02121K,,,,,,,"(1S,2S)-2-ACHC",O=C(OCC1=CC([N+]([O-])=O)=CC([N+]([O-])=O)=C1)[C@H]2CCCC[C@@H]2N,,,,,tRNA Pro1E2 (GGU),,WT,,17.3%,LC-MS,"""The yield was calculated based on the relative peak area of the target polypeptides shown in the spectrum."" Incorporation improved with addition of EF-P (46.5%)",,,,,,
10.1038/s41557-020-0525-1,,,,,,dFx,"(1R, 2R)-2-ACPC",O=C(OCC1=CC([N+]([O-])=O)=CC([N+]([O-])=O)=C1)[C@H]2[C@H](N)CCC2,,16h at pH 8.7,51%,,tRNA Pro1E2 (CGG),,WT,,Yes,"autoradiography, LC-MS",tested single and multiple internal incorporations; values reported are for single internal incorporation. EF-P affected peptide expression levels,,,,,,
10.1038/s41557-020-0525-1,,,,,,dFx,"(1R, 2S)-2-ACPC",O=C(OCC1=CC([N+]([O-])=O)=CC([N+]([O-])=O)=C1)[C@H]2[C@@H](N)CCC2,,16h at pH 8.7,37%,,tRNA Pro1E2 (CGG),,WT,,Yes,"autoradiography, LC-MS",tested single and multiple internal incorporations; values reported are for single internal incorporation. EF-P affected peptide expression levels,,,,,,
10.1038/s41557-020-0525-1,,,,,,dFx,"(1S,2R)-2-ACPC",O=C(OCC1=CC([N+]([O-])=O)=CC([N+]([O-])=O)=C1)[C@@H]2[C@H](N)CCC2,,16h at pH 8.7,53%,,tRNA Pro1E2 (CGG),,WT,,Yes,"autoradiography, LC-MS",tested single and multiple internal incorporations; values reported are for single internal incorporation. EF-P affected peptide expression levels,,,,,,
10.1038/s41557-020-0525-1,,,,,,dFx,"(1S, 2S)-2-ACPC",O=C(OCC1=CC([N+]([O-])=O)=CC([N+]([O-])=O)=C1)[C@@H]2[C@@H](N)CCC2,,16h at pH 8.7; Fx not explicitly clear,40%,,tRNA Pro1E2 (CGG),,WT,,Yes,"autoradiography, LC-MS",tested single and multiple internal incorporations; values reported are for single internal incorporation. EF-P affected peptide expression levels,,,,,,
10.1038/s41557-020-0525-1,,,,,,dFx,"(1R,2R)-2-ACHC",O=C(OCC1=CC([N+]([O-])=O)=CC([N+]([O-])=O)=C1)[C@@H]2CCCC[C@H]2N,,16h at pH 8.7,20%,,tRNA Pro1E2 (CGG),,WT,,Yes,"autoradiography, LC-MS",tested single and multiple internal incorporations; values reported are for single internal incorporation. EF-P affected peptide expression levels,,,,,,
10.1038/s41557-020-0525-1,,,,,,dFx,"(1R,2S)-2-ACHC",O=C(OCC1=CC([N+]([O-])=O)=CC([N+]([O-])=O)=C1)[C@@H]2CCCC[C@@H]2N,,16h at pH 8.7,24%,,tRNA Pro1E2 (CGG),,WT,,Yes,"autoradiography, LC-MS",tested single and multiple internal incorporations; values reported are for single internal incorporation. EF-P affected peptide expression levels,,,,,,
10.1038/s41557-020-0525-1,,,,,,dFx,"(1S,2R)-2-ACHC",O=C(OCC1=CC([N+]([O-])=O)=CC([N+]([O-])=O)=C1)[C@H]2CCCC[C@H]2N,,16h at pH 8.7,20%,,tRNA Pro1E2 (CGG),,WT,,Yes,"autoradiography, LC-MS",tested single and multiple internal incorporations; values reported are for single internal incorporation. EF-P affected peptide expression levels,,,,,,
10.1038/s41557-020-0525-1,,,,,,dFx,"(1S,2S)-2-ACHC",O=C(OCC1=CC([N+]([O-])=O)=CC([N+]([O-])=O)=C1)[C@H]2CCCC[C@@H]2N,,16h at pH 8.7,21%,,tRNA Pro1E2 (CGG),,WT,,Yes,"autoradiography, LC-MS",tested single and multiple internal incorporations; values reported are for single internal incorporation. EF-P affected peptide expression levels,,,,,,
10.1021/jacs.5b12482,,,,,,dFx,β3-hGly,NCCC(OCC1=CC([N+]([O-])=O)=CC([N+]([O-])=O)=C1)=O,,22h at pH 9,54%,,tRNA EnAsn (XXX),,WT,,Yes,"autoradiography, LC-MS",tested single and multiple internal incorporation of the same monomer and internal incorporation of multiple monomers. ,,,,,,
10.1021/jacs.5b12482,,,,,,dFx,(S)-β3-hAla,N[C@@H](C)CC(OCC1=CC([N+]([O-])=O)=CC([N+]([O-])=O)=C1)=O,,22h at pH 9,49%,,tRNA EnAsn (XXX),,WT,,Yes,"autoradiography, LC-MS",tested single and multiple internal incorporation of the same monomer and internal incorporation of multiple monomers. ,,,,,,
10.1021/jacs.5b12482,,,,,,dFx,(S)-β3-hLeu,N[C@@H](CC(C)C)CC(OCC1=CC([N+]([O-])=O)=CC([N+]([O-])=O)=C1)=O,,22h at pH 9,42%,,tRNA EnAsn (XXX),,WT,,Yes,"autoradiography, LC-MS",tested single and multiple internal incorporation of the same monomer and internal incorporation of multiple monomers. ,,,,,,
10.1021/jacs.5b12482,,,,,,dFx,(S)-β3-Ileh,N[C@@H]([C@@H](C)CC)CC(OCC1=CC([N+]([O-])=O)=CC([N+]([O-])=O)=C1)=O,,22h at pH 9,39%,,tRNA EnAsn (XXX),,WT,,Yes,"autoradiography, LC-MS",tested single and multiple internal incorporation of the same monomer and internal incorporation of multiple monomers. ,,,,,,
10.1021/jacs.5b12482,,,,,,dFx,(S)-β3-hGln,N[C@@H](CCC(N)=O)CC(OCC1=CC([N+]([O-])=O)=CC([N+]([O-])=O)=C1)=O,,22h at pH 9,41%,,tRNA EnAsn (XXX),,WT,,Yes,"autoradiography, LC-MS",tested single and multiple internal incorporation of the same monomer and internal incorporation of multiple monomers. ,,,,,,
10.1021/jacs.5b12482,,,,,,dFx,(S)-β3-hPro,O=C(OCC1=CC([N+]([O-])=O)=CC([N+]([O-])=O)=C1)C[C@@H]2CCCN2,,22h at pH 9,41%,,tRNA EnAsn (XXX),,WT,,Yes,"autoradiography, LC-MS",tested single and multiple internal incorporation of the same monomer and internal incorporation of multiple monomers. ,,,,,,
10.1021/jacs.5b12482,,,,,,dFx,(S)-β3-hPhe,N[C@@H](CC1=CC=CC=C1)CC(OCC2=CC([N+]([O-])=O)=CC([N+]([O-])=O)=C2)=O,,22h at pH 9,39%,,tRNA EnAsn (XXX),,WT,,N.D.,"autoradiography, LC-MS",tested single and multiple internal incorporation of the same monomer and internal incorporation of multiple monomers. ,,,,,,
10.1021/jacs.5b12482,,,,,,dFx,(S)-β3-hTrp,N[C@@H](CC1=CNC2=C1C=CC=C2)CC(OCC3=CC([N+]([O-])=O)=CC([N+]([O-])=O)=C3)=O,,22h at pH 9,25%,,tRNA EnAsn (XXX),,WT,,Yes,"autoradiography, LC-MS",tested single and multiple internal incorporation of the same monomer and internal incorporation of multiple monomers. ,,,,,,
10.1021/jacs.5b12482,,,,,,dFx,(S)-β3-hPhg,N[C@@H](C1=CC=CC=C1)CC(OCC2=CC([N+]([O-])=O)=CC([N+]([O-])=O)=C2)=O,,22h at pH 9,39%,,tRNA EnAsn (XXX),,WT,,Yes,"autoradiography, LC-MS",tested single and multiple internal incorporation of the same monomer and internal incorporation of multiple monomers. ,,,,,,
10.1021/jacs.5b12482,,,,,,dFx,(S)-β3-hMet,N[C@@H](CCSC)CC(OCC1=CC([N+]([O-])=O)=CC([N+]([O-])=O)=C1)=O,,22h at pH 9,38%,,tRNA EnAsn (XXX),,WT,,Yes,"autoradiography, LC-MS",tested single and multiple internal incorporation of the same monomer and internal incorporation of multiple monomers. ,,,,,,
10.1021/jacs.5b12482,,,,,,dFx,(S)-β3-hAsn,N[C@@H](CC(N)=O)CC(OCC1=CC([N+]([O-])=O)=CC([N+]([O-])=O)=C1)=O,,22h at pH 9,23%,,tRNA EnAsn (XXX),,WT,,Yes,"autoradiography, LC-MS",tested single and multiple internal incorporation of the same monomer and internal incorporation of multiple monomers. ,,,,,,
10.1021/jacs.5b12482,,,,,,dFx,(S)-β3-hLys,N[C@@H](CCCCN)CC(OCC1=CC([N+]([O-])=O)=CC([N+]([O-])=O)=C1)=O,,22h at pH 9,40%,,tRNA EnAsn (XXX),,WT,,Yes,"autoradiography, LC-MS",tested single and multiple internal incorporation of the same monomer and internal incorporation of multiple monomers. ,,,,,,
10.1021/jacs.5b12482,,,,,,dFx,(S)-β3-hGlu,N[C@@H](CCC(O)=O)CC(OCC1=CC([N+]([O-])=O)=CC([N+]([O-])=O)=C1)=O,,22h at pH 9,29%,,tRNA EnAsn (XXX),,WT,,Yes,"autoradiography, LC-MS",tested single and multiple internal incorporation of the same monomer and internal incorporation of multiple monomers. ,,,,,,
10.1021/jacs.5b12482,,,,,,dFx,(R)-β3-hAla (D in paper),N[C@H](C)CC(OCC1=CC([N+]([O-])=O)=CC([N+]([O-])=O)=C1)=O,,22h at pH 9,53%,,tRNA EnAsn (XXX),,WT,,N.D.,"autoradiography, LC-MS",tested single and multiple internal incorporation of the same monomer and internal incorporation of multiple monomers. ,,,,,,
10.1021/jacs.5b12482,,,,,,dFx,(R)-β3-hLeu (D in paper),N[C@H](CC(C)C)CC(OCC1=CC([N+]([O-])=O)=CC([N+]([O-])=O)=C1)=O,,22h at pH 9,49%,,tRNA EnAsn (XXX),,WT,,Yes,"autoradiography, LC-MS",tested single and multiple internal incorporation of the same monomer and internal incorporation of multiple monomers. ,,,,,,
10.1021/jacs.5b12482,,,,,,dFx,(R)-β3-hPhg (D in paper),N[C@H](C1=CC=CC=C1)CC(OCC2=CC([N+]([O-])=O)=CC([N+]([O-])=O)=C2)=O,,22h at pH 9,32%,,tRNA EnAsn (XXX),,WT,,Yes,"autoradiography, LC-MS",tested single and multiple internal incorporation of the same monomer and internal incorporation of multiple monomers. ,,,,,,